{
  "intents": [
    {
      "tag": "greeting",
      "patterns": [
        "Hi",
        "Hey",
        "How are you",
        "Is anyone there?",
        "Hello",
        "Good day"
      ],
      "responses": [
        "Hey :-)",
        "Hello, thanks for visiting",
        "Hi there, what can I do for you?",
        "Hi there, how can I help?"
      ]
    },
    {
      "tag": "goodbye",
      "patterns": ["Bye", "See you later", "Goodbye"],
      "responses": [
        "See you later, thanks for visiting",
        "Have a nice day",
        "Bye! Come back again soon."
      ]
    },
    {
      "tag": "thanks",
      "patterns": ["Thanks", "Thank you", "That's helpful", "Thank's a lot!"],
      "responses": ["Happy to help!", "Any time!", "My pleasure"]
    },
    {
      "tag": "funny",
      "patterns": [
        "Tell me a joke!",
        "Tell me something funny!",
        "Do you know a joke?"
      ],
      "responses": [
        "Why did the hipster burn his mouth? He drank the coffee before it was cool.",
        "What did the buffalo say when his son left for college? Bison."
      ]
    },
      {
          "tag": "course_recommendations",
          "patterns": [
              "What courses would you suggest for my upcoming semester if I'm pursuing a specialization in artificial intelligence within the Computer Science program?",
              "Considering my interest in both data analytics and machine learning, which courses do you recommend for the next academic year?",
              "I'm planning to focus on cybersecurity for my next semester. Can you suggest courses that align with this specialization?"
          ],
          "responses": [
              "Certainly! For the upcoming semester and your focus on [Specialization], I recommend the following courses: [List of courses]. These courses will help you build a strong foundation in [Specialization] within the Computer Science program."
          ]
      },
      {
          "tag": "prerequisite_information",
          "patterns": [
              "Could you provide detailed information on the prerequisites for the 'Advanced Algorithms' course, including any recommended background knowledge?",
              "What are the prerequisites for 'Digital Marketing,' and are there alternative courses I can take to fulfill these requirements?",
              "I'm interested in enrolling in 'Machine Learning.' Can you clarify the prerequisites and if any exceptions can be made?"
          ],
          "responses": [
              "Certainly! The prerequisites for the 'Advanced Algorithms' course include [List of prerequisites]. It is recommended to have a strong understanding of [Concepts]. Make sure you fulfill these requirements before enrolling in the course. If you have concerns about prerequisites for 'Digital Marketing' or 'Machine Learning,' feel free to ask for specific details or alternatives."
          ]
      },
      {
          "tag": "academic_planning",
          "patterns": [
              "Assist me in creating a detailed academic plan for the remaining years of my Computer Science degree, considering both core requirements and elective options.",
              "I'm aiming to graduate with a double major in Computer Science and Mathematics. How can I plan my schedule for the next three years?",
              "I have specific preferences for the types of courses I want to take each semester. Can you help me plan my academic journey accordingly?"
          ],
          "responses": [
              "Certainly! Let's create a personalized academic plan for you. To get started, please provide information about your current academic standing, any specific preferences or constraints you have, and your expected graduation timeline. We'll tailor a plan that aligns with your goals and interests."
          ]
      },
      {
          "tag": "schedule_optimization",
          "patterns": [
              "Optimize my class schedule for the upcoming semester, considering my part-time job commitments on Mondays and Wednesdays.",
              "I prefer afternoon classes. Can you suggest a schedule for the next semester with minimal gaps and conflicts?",
              "Help me find the most efficient schedule for Computer Science courses while accommodating my research project meetings on Fridays."
          ],
          "responses": [
              "Certainly! To optimize your schedule, I'll need more information about your preferred class timings, days you want to avoid, and any specific time constraints. Once you provide these details, I'll generate a schedule that minimizes conflicts and maximizes your learning efficiency."
          ]
      },
      {
          "tag": "degree_progress_tracking",
          "patterns": [
              "Give me a detailed overview of my current degree progress, including completed and remaining requirements for my Computer Science major.",
              "I need to ensure I'm on track for graduation. Can you provide insights into my degree progress and any potential issues?",
              "Provide a breakdown of the credits I've earned so far and the ones I still need to complete to fulfill my degree requirements."
          ],
          "responses": [
              "Let me check your degree progress. As of now, you have completed [Number] credits out of [Total credits required] for your Computer Science major. You are on track for graduation. If you have specific concerns or need more detailed information, please let me know."
          ]
      },
      {
          "tag": "faqs_and_resources",
          "patterns": [
              "Where can I find the most recent course catalog, and does it include information on new electives?",
              "I'm unfamiliar with the academic policies related to late registration. Could you provide a detailed explanation?",
              "Point me to the Computer Science program handbook. I want to explore specific details about major requirements and faculty profiles."
          ],
          "responses": [
              "The most recent course catalog is available on the university website [URL]. For detailed information on late registration policies, please refer to [Resource]. You can find the Computer Science program handbook [URL], where you'll find comprehensive details about major requirements, faculty, and other relevant information. If you have specific questions, feel free to ask for clarification."
          ]
      },
      {
          "tag": "career_guidance",
          "patterns": [
              "I'm considering a career in artificial intelligence. Which courses and majors align best with this career path?",
              "Provide insights into career paths for Business Administration majors and suggest courses that enhance employability.",
              "I'm interested in marketing. Can you recommend courses that will prepare me for a successful career in this field?"
          ],
          "responses": [
              "Certainly! For a career in artificial intelligence, focusing on courses like [List of courses] within the Computer Science program would be beneficial. Business Administration majors interested in careers such as [Career Path] may find courses like [List of courses] valuable. In the field of marketing, consider taking [List of courses] to enhance your skills and prepare for future opportunities."
          ]
      },
      {
          "tag": "real_time_assistance",
          "patterns": [
              "Are you available now? I need immediate assistance with course registration.",
              "I have a quick question about my academic plan. Can I get help right away?",
              "Emergency! I need guidance on a course change. Can you assist me immediately?"
          ],
          "responses": [
              "Yes, I'm here to help! Feel free to ask any questions or share your concerns, and I'll provide immediate assistance. If it's an urgent matter, let me know the details, and we'll address it promptly."
          ]
      },
      {
          "tag": "integration_with_academic_systems",
          "patterns": [
              "Can you access and update my academic records, including my current courses and grades?",
              "I'm concerned about the security of my information. How does the chatbot handle and ensure the confidentiality of academic data?",
              "Explain the process of updating my course registration status through the chatbot. How does it synchronize with the university's systems?"
          ],
          "responses": [
              "I have access to the academic systems to retrieve and update your records, including current courses and grades. The chatbot follows strict security protocols to ensure the confidentiality of your academic data. When updating course registration status, changes made through the chatbot are synchronized with the university's systems in real-time to maintain accurate and up-to-date information."
          ]
      },
      {
          "tag": "feedback_mechanism",
          "patterns":[
              "I have feedback on the course recommendations. How can I share my thoughts and suggestions?",
              "Is there a specific form for providing feedback on the chatbot's assistance? I want to offer constructive feedback.",
              "I appreciate the guidance, but I have some suggestions for improvement. Where can I submit my feedback?"
          ]
      }
    ]
  }